{
  "total_energy_kwh": 0.003319767443238497,
  "total_emissions_kg": 0,
  "csv_report": "energy_reports/module_energy_report_20250902_102432.csv",
  "baseline_cpu_percent": 0.0,
  "baseline_memory_mb": 1448.84375,
  "gpu_available": true,
  "gpu_count": 2,
  "baseline_gpu_utilization": [
    0.0,
    7.8
  ],
  "baseline_gpu_memory_mb": [
    586.0,
    3163.3625
  ],
  "baseline_gpu_power_w": [
    26.893399999999996,
    30.886599999999998
  ],
  "timestamp": "2025-09-02T10:28:38.085002",
  "total_frames_processed": 6300
}