{
  "total_energy_kwh": 0.0002609198969996147,
  "total_emissions_kg": 0,
  "csv_report": "energy_reports/module_energy_report_20250901_164815.csv",
  "baseline_cpu_percent": 0.0,
  "baseline_memory_mb": 1424.359375,
  "timestamp": "2025-09-01T16:51:42.207429",
  "total_frames_processed": 6300
}